{
  "metrics": {
    "cv_best_recall": 0.8048664505172148,
    "test_recall_default": 0.8155080213903744,
    "test_recall_tuned": 0.8021390374331551,
    "test_precision_tuned": 0.49916805324459235,
    "test_f1_tuned": 0.6153846153846154,
    "test_roc_auc": 0.8320377689942907,
    "threshold": 0.535
  },
  "best_params": {
    "clf__colsample_bytree": 0.9,
    "clf__learning_rate": 0.1,
    "clf__max_depth": 5,
    "clf__n_estimators": 200,
    "clf__scale_pos_weight": 5.537123745819398,
    "clf__subsample": 0.9
  },
  "mlflow_run_id": "5cdae2c27dca4f13a7bc0832f4d1b40d"
}